file,pins,color,pitch_mm,body_length_B_mm,body_depth_mm,body_height_mm,pin_square_mm,tail_below_pcb_mm,housing_solid_count,bbox_x_mm,bbox_y_mm,bbox_z_mm
WHITE/VH3.96_2P_WHITE_V3_FIXED.step,2,WHITE,3.96,7.86,9.4,8.5,1.14,3.2,1,7.86,9.4,11.7
WHITE/VH3.96_3P_WHITE_V3_FIXED.step,3,WHITE,3.96,11.82,9.4,8.5,1.14,3.2,1,11.82,9.4,11.7
WHITE/VH3.96_4P_WHITE_V3_FIXED.step,4,WHITE,3.96,15.78,9.4,8.5,1.14,3.2,1,15.78,9.4,11.7
WHITE/VH3.96_5P_WHITE_V3_FIXED.step,5,WHITE,3.96,19.74,9.4,8.5,1.14,3.2,1,19.74,9.4,11.7
WHITE/VH3.96_6P_WHITE_V3_FIXED.step,6,WHITE,3.96,23.7,9.4,8.5,1.14,3.2,1,23.7,9.4,11.7
WHITE/VH3.96_7P_WHITE_V3_FIXED.step,7,WHITE,3.96,27.66,9.4,8.5,1.14,3.2,1,27.66,9.4,11.7
WHITE/VH3.96_8P_WHITE_V3_FIXED.step,8,WHITE,3.96,31.62,9.4,8.5,1.14,3.2,1,31.62,9.4,11.7
WHITE/VH3.96_9P_WHITE_V3_FIXED.step,9,WHITE,3.96,35.58,9.4,8.5,1.14,3.2,1,35.58,9.4,11.7
WHITE/VH3.96_10P_WHITE_V3_FIXED.step,10,WHITE,3.96,39.54,9.4,8.5,1.14,3.2,1,39.54,9.4,11.7
BLACK/VH3.96_2P_BLACK_V3_FIXED.step,2,BLACK,3.96,7.86,9.4,8.5,1.14,3.2,1,7.86,9.4,11.7
BLACK/VH3.96_3P_BLACK_V3_FIXED.step,3,BLACK,3.96,11.82,9.4,8.5,1.14,3.2,1,11.82,9.4,11.7
BLACK/VH3.96_4P_BLACK_V3_FIXED.step,4,BLACK,3.96,15.78,9.4,8.5,1.14,3.2,1,15.78,9.4,11.7
BLACK/VH3.96_5P_BLACK_V3_FIXED.step,5,BLACK,3.96,19.74,9.4,8.5,1.14,3.2,1,19.74,9.4,11.7
BLACK/VH3.96_6P_BLACK_V3_FIXED.step,6,BLACK,3.96,23.7,9.4,8.5,1.14,3.2,1,23.7,9.4,11.7
BLACK/VH3.96_7P_BLACK_V3_FIXED.step,7,BLACK,3.96,27.66,9.4,8.5,1.14,3.2,1,27.66,9.4,11.7
BLACK/VH3.96_8P_BLACK_V3_FIXED.step,8,BLACK,3.96,31.62,9.4,8.5,1.14,3.2,1,31.62,9.4,11.7
BLACK/VH3.96_9P_BLACK_V3_FIXED.step,9,BLACK,3.96,35.58,9.4,8.5,1.14,3.2,1,35.58,9.4,11.7
BLACK/VH3.96_10P_BLACK_V3_FIXED.step,10,BLACK,3.96,39.54,9.4,8.5,1.14,3.2,1,39.54,9.4,11.7
RED/VH3.96_2P_RED_V3_FIXED.step,2,RED,3.96,7.86,9.4,8.5,1.14,3.2,1,7.86,9.4,11.7
RED/VH3.96_3P_RED_V3_FIXED.step,3,RED,3.96,11.82,9.4,8.5,1.14,3.2,1,11.82,9.4,11.7
RED/VH3.96_4P_RED_V3_FIXED.step,4,RED,3.96,15.78,9.4,8.5,1.14,3.2,1,15.78,9.4,11.7
RED/VH3.96_5P_RED_V3_FIXED.step,5,RED,3.96,19.74,9.4,8.5,1.14,3.2,1,19.74,9.4,11.7
RED/VH3.96_6P_RED_V3_FIXED.step,6,RED,3.96,23.7,9.4,8.5,1.14,3.2,1,23.7,9.4,11.7
RED/VH3.96_7P_RED_V3_FIXED.step,7,RED,3.96,27.66,9.4,8.5,1.14,3.2,1,27.66,9.4,11.7
RED/VH3.96_8P_RED_V3_FIXED.step,8,RED,3.96,31.62,9.4,8.5,1.14,3.2,1,31.62,9.4,11.7
RED/VH3.96_9P_RED_V3_FIXED.step,9,RED,3.96,35.58,9.4,8.5,1.14,3.2,1,35.58,9.4,11.7
RED/VH3.96_10P_RED_V3_FIXED.step,10,RED,3.96,39.54,9.4,8.5,1.14,3.2,1,39.54,9.4,11.7
BLUE/VH3.96_2P_BLUE_V3_FIXED.step,2,BLUE,3.96,7.86,9.4,8.5,1.14,3.2,1,7.86,9.4,11.7
BLUE/VH3.96_3P_BLUE_V3_FIXED.step,3,BLUE,3.96,11.82,9.4,8.5,1.14,3.2,1,11.82,9.4,11.7
BLUE/VH3.96_4P_BLUE_V3_FIXED.step,4,BLUE,3.96,15.78,9.4,8.5,1.14,3.2,1,15.78,9.4,11.7
BLUE/VH3.96_5P_BLUE_V3_FIXED.step,5,BLUE,3.96,19.74,9.4,8.5,1.14,3.2,1,19.74,9.4,11.7
BLUE/VH3.96_6P_BLUE_V3_FIXED.step,6,BLUE,3.96,23.7,9.4,8.5,1.14,3.2,1,23.7,9.4,11.7
BLUE/VH3.96_7P_BLUE_V3_FIXED.step,7,BLUE,3.96,27.66,9.4,8.5,1.14,3.2,1,27.66,9.4,11.7
BLUE/VH3.96_8P_BLUE_V3_FIXED.step,8,BLUE,3.96,31.62,9.4,8.5,1.14,3.2,1,31.62,9.4,11.7
BLUE/VH3.96_9P_BLUE_V3_FIXED.step,9,BLUE,3.96,35.58,9.4,8.5,1.14,3.2,1,35.58,9.4,11.7
BLUE/VH3.96_10P_BLUE_V3_FIXED.step,10,BLUE,3.96,39.54,9.4,8.5,1.14,3.2,1,39.54,9.4,11.7
GREEN/VH3.96_2P_GREEN_V3_FIXED.step,2,GREEN,3.96,7.86,9.4,8.5,1.14,3.2,1,7.86,9.4,11.7
GREEN/VH3.96_3P_GREEN_V3_FIXED.step,3,GREEN,3.96,11.82,9.4,8.5,1.14,3.2,1,11.82,9.4,11.7
GREEN/VH3.96_4P_GREEN_V3_FIXED.step,4,GREEN,3.96,15.78,9.4,8.5,1.14,3.2,1,15.78,9.4,11.7
GREEN/VH3.96_5P_GREEN_V3_FIXED.step,5,GREEN,3.96,19.74,9.4,8.5,1.14,3.2,1,19.74,9.4,11.7
GREEN/VH3.96_6P_GREEN_V3_FIXED.step,6,GREEN,3.96,23.7,9.4,8.5,1.14,3.2,1,23.7,9.4,11.7
GREEN/VH3.96_7P_GREEN_V3_FIXED.step,7,GREEN,3.96,27.66,9.4,8.5,1.14,3.2,1,27.66,9.4,11.7
GREEN/VH3.96_8P_GREEN_V3_FIXED.step,8,GREEN,3.96,31.62,9.4,8.5,1.14,3.2,1,31.62,9.4,11.7
GREEN/VH3.96_9P_GREEN_V3_FIXED.step,9,GREEN,3.96,35.58,9.4,8.5,1.14,3.2,1,35.58,9.4,11.7
GREEN/VH3.96_10P_GREEN_V3_FIXED.step,10,GREEN,3.96,39.54,9.4,8.5,1.14,3.2,1,39.54,9.4,11.7
YELLOW/VH3.96_2P_YELLOW_V3_FIXED.step,2,YELLOW,3.96,7.86,9.4,8.5,1.14,3.2,1,7.86,9.4,11.7
YELLOW/VH3.96_3P_YELLOW_V3_FIXED.step,3,YELLOW,3.96,11.82,9.4,8.5,1.14,3.2,1,11.82,9.4,11.7
YELLOW/VH3.96_4P_YELLOW_V3_FIXED.step,4,YELLOW,3.96,15.78,9.4,8.5,1.14,3.2,1,15.78,9.4,11.7
YELLOW/VH3.96_5P_YELLOW_V3_FIXED.step,5,YELLOW,3.96,19.74,9.4,8.5,1.14,3.2,1,19.74,9.4,11.7
YELLOW/VH3.96_6P_YELLOW_V3_FIXED.step,6,YELLOW,3.96,23.7,9.4,8.5,1.14,3.2,1,23.7,9.4,11.7
YELLOW/VH3.96_7P_YELLOW_V3_FIXED.step,7,YELLOW,3.96,27.66,9.4,8.5,1.14,3.2,1,27.66,9.4,11.7
YELLOW/VH3.96_8P_YELLOW_V3_FIXED.step,8,YELLOW,3.96,31.62,9.4,8.5,1.14,3.2,1,31.62,9.4,11.7
YELLOW/VH3.96_9P_YELLOW_V3_FIXED.step,9,YELLOW,3.96,35.58,9.4,8.5,1.14,3.2,1,35.58,9.4,11.7
YELLOW/VH3.96_10P_YELLOW_V3_FIXED.step,10,YELLOW,3.96,39.54,9.4,8.5,1.14,3.2,1,39.54,9.4,11.7
ORANGE/VH3.96_2P_ORANGE_V3_FIXED.step,2,ORANGE,3.96,7.86,9.4,8.5,1.14,3.2,1,7.86,9.4,11.7
ORANGE/VH3.96_3P_ORANGE_V3_FIXED.step,3,ORANGE,3.96,11.82,9.4,8.5,1.14,3.2,1,11.82,9.4,11.7
ORANGE/VH3.96_4P_ORANGE_V3_FIXED.step,4,ORANGE,3.96,15.78,9.4,8.5,1.14,3.2,1,15.78,9.4,11.7
ORANGE/VH3.96_5P_ORANGE_V3_FIXED.step,5,ORANGE,3.96,19.74,9.4,8.5,1.14,3.2,1,19.74,9.4,11.7
ORANGE/VH3.96_6P_ORANGE_V3_FIXED.step,6,ORANGE,3.96,23.7,9.4,8.5,1.14,3.2,1,23.7,9.4,11.7
ORANGE/VH3.96_7P_ORANGE_V3_FIXED.step,7,ORANGE,3.96,27.66,9.4,8.5,1.14,3.2,1,27.66,9.4,11.7
ORANGE/VH3.96_8P_ORANGE_V3_FIXED.step,8,ORANGE,3.96,31.62,9.4,8.5,1.14,3.2,1,31.62,9.4,11.7
ORANGE/VH3.96_9P_ORANGE_V3_FIXED.step,9,ORANGE,3.96,35.58,9.4,8.5,1.14,3.2,1,35.58,9.4,11.7
ORANGE/VH3.96_10P_ORANGE_V3_FIXED.step,10,ORANGE,3.96,39.54,9.4,8.5,1.14,3.2,1,39.54,9.4,11.7
BROWN/VH3.96_2P_BROWN_V3_FIXED.step,2,BROWN,3.96,7.86,9.4,8.5,1.14,3.2,1,7.86,9.4,11.7
BROWN/VH3.96_3P_BROWN_V3_FIXED.step,3,BROWN,3.96,11.82,9.4,8.5,1.14,3.2,1,11.82,9.4,11.7
BROWN/VH3.96_4P_BROWN_V3_FIXED.step,4,BROWN,3.96,15.78,9.4,8.5,1.14,3.2,1,15.78,9.4,11.7
BROWN/VH3.96_5P_BROWN_V3_FIXED.step,5,BROWN,3.96,19.74,9.4,8.5,1.14,3.2,1,19.74,9.4,11.7
BROWN/VH3.96_6P_BROWN_V3_FIXED.step,6,BROWN,3.96,23.7,9.4,8.5,1.14,3.2,1,23.7,9.4,11.7
BROWN/VH3.96_7P_BROWN_V3_FIXED.step,7,BROWN,3.96,27.66,9.4,8.5,1.14,3.2,1,27.66,9.4,11.7
BROWN/VH3.96_8P_BROWN_V3_FIXED.step,8,BROWN,3.96,31.62,9.4,8.5,1.14,3.2,1,31.62,9.4,11.7
BROWN/VH3.96_9P_BROWN_V3_FIXED.step,9,BROWN,3.96,35.58,9.4,8.5,1.14,3.2,1,35.58,9.4,11.7
BROWN/VH3.96_10P_BROWN_V3_FIXED.step,10,BROWN,3.96,39.54,9.4,8.5,1.14,3.2,1,39.54,9.4,11.7
GRAY/VH3.96_2P_GRAY_V3_FIXED.step,2,GRAY,3.96,7.86,9.4,8.5,1.14,3.2,1,7.86,9.4,11.7
GRAY/VH3.96_3P_GRAY_V3_FIXED.step,3,GRAY,3.96,11.82,9.4,8.5,1.14,3.2,1,11.82,9.4,11.7
GRAY/VH3.96_4P_GRAY_V3_FIXED.step,4,GRAY,3.96,15.78,9.4,8.5,1.14,3.2,1,15.78,9.4,11.7
GRAY/VH3.96_5P_GRAY_V3_FIXED.step,5,GRAY,3.96,19.74,9.4,8.5,1.14,3.2,1,19.74,9.4,11.7
GRAY/VH3.96_6P_GRAY_V3_FIXED.step,6,GRAY,3.96,23.7,9.4,8.5,1.14,3.2,1,23.7,9.4,11.7
GRAY/VH3.96_7P_GRAY_V3_FIXED.step,7,GRAY,3.96,27.66,9.4,8.5,1.14,3.2,1,27.66,9.4,11.7
GRAY/VH3.96_8P_GRAY_V3_FIXED.step,8,GRAY,3.96,31.62,9.4,8.5,1.14,3.2,1,31.62,9.4,11.7
GRAY/VH3.96_9P_GRAY_V3_FIXED.step,9,GRAY,3.96,35.58,9.4,8.5,1.14,3.2,1,35.58,9.4,11.7
GRAY/VH3.96_10P_GRAY_V3_FIXED.step,10,GRAY,3.96,39.54,9.4,8.5,1.14,3.2,1,39.54,9.4,11.7
PURPLE/VH3.96_2P_PURPLE_V3_FIXED.step,2,PURPLE,3.96,7.86,9.4,8.5,1.14,3.2,1,7.86,9.4,11.7
PURPLE/VH3.96_3P_PURPLE_V3_FIXED.step,3,PURPLE,3.96,11.82,9.4,8.5,1.14,3.2,1,11.82,9.4,11.7
PURPLE/VH3.96_4P_PURPLE_V3_FIXED.step,4,PURPLE,3.96,15.78,9.4,8.5,1.14,3.2,1,15.78,9.4,11.7
PURPLE/VH3.96_5P_PURPLE_V3_FIXED.step,5,PURPLE,3.96,19.74,9.4,8.5,1.14,3.2,1,19.74,9.4,11.7
PURPLE/VH3.96_6P_PURPLE_V3_FIXED.step,6,PURPLE,3.96,23.7,9.4,8.5,1.14,3.2,1,23.7,9.4,11.7
PURPLE/VH3.96_7P_PURPLE_V3_FIXED.step,7,PURPLE,3.96,27.66,9.4,8.5,1.14,3.2,1,27.66,9.4,11.7
PURPLE/VH3.96_8P_PURPLE_V3_FIXED.step,8,PURPLE,3.96,31.62,9.4,8.5,1.14,3.2,1,31.62,9.4,11.7
PURPLE/VH3.96_9P_PURPLE_V3_FIXED.step,9,PURPLE,3.96,35.58,9.4,8.5,1.14,3.2,1,35.58,9.4,11.7
PURPLE/VH3.96_10P_PURPLE_V3_FIXED.step,10,PURPLE,3.96,39.54,9.4,8.5,1.14,3.2,1,39.54,9.4,11.7