file,pins,color,pitch_mm,body_length_mm,body_depth_mm,body_height_mm,pin_square_mm,tail_below_pcb_mm,housing_solid_count,bbox_x_mm,bbox_y_mm,bbox_z_mm
WHITE/XH2.54_2P_WHITE_V3_FIXED.step,2,WHITE,2.54,7.5,5.8,7.1,0.64,3.2,1,7.5,5.8,10.3
WHITE/XH2.54_3P_WHITE_V3_FIXED.step,3,WHITE,2.54,10.04,5.8,7.1,0.64,3.2,1,10.04,5.8,10.3
WHITE/XH2.54_4P_WHITE_V3_FIXED.step,4,WHITE,2.54,12.58,5.8,7.1,0.64,3.2,1,12.58,5.8,10.3
WHITE/XH2.54_5P_WHITE_V3_FIXED.step,5,WHITE,2.54,15.12,5.8,7.1,0.64,3.2,1,15.12,5.8,10.3
WHITE/XH2.54_6P_WHITE_V3_FIXED.step,6,WHITE,2.54,17.66,5.8,7.1,0.64,3.2,1,17.66,5.8,10.3
WHITE/XH2.54_7P_WHITE_V3_FIXED.step,7,WHITE,2.54,20.2,5.8,7.1,0.64,3.2,1,20.2,5.8,10.3
WHITE/XH2.54_8P_WHITE_V3_FIXED.step,8,WHITE,2.54,22.74,5.8,7.1,0.64,3.2,1,22.74,5.8,10.3
WHITE/XH2.54_9P_WHITE_V3_FIXED.step,9,WHITE,2.54,25.28,5.8,7.1,0.64,3.2,1,25.28,5.8,10.3
WHITE/XH2.54_10P_WHITE_V3_FIXED.step,10,WHITE,2.54,27.82,5.8,7.1,0.64,3.2,1,27.82,5.8,10.3
BLACK/XH2.54_2P_BLACK_V3_FIXED.step,2,BLACK,2.54,7.5,5.8,7.1,0.64,3.2,1,7.5,5.8,10.3
BLACK/XH2.54_3P_BLACK_V3_FIXED.step,3,BLACK,2.54,10.04,5.8,7.1,0.64,3.2,1,10.04,5.8,10.3
BLACK/XH2.54_4P_BLACK_V3_FIXED.step,4,BLACK,2.54,12.58,5.8,7.1,0.64,3.2,1,12.58,5.8,10.3
BLACK/XH2.54_5P_BLACK_V3_FIXED.step,5,BLACK,2.54,15.12,5.8,7.1,0.64,3.2,1,15.12,5.8,10.3
BLACK/XH2.54_6P_BLACK_V3_FIXED.step,6,BLACK,2.54,17.66,5.8,7.1,0.64,3.2,1,17.66,5.8,10.3
BLACK/XH2.54_7P_BLACK_V3_FIXED.step,7,BLACK,2.54,20.2,5.8,7.1,0.64,3.2,1,20.2,5.8,10.3
BLACK/XH2.54_8P_BLACK_V3_FIXED.step,8,BLACK,2.54,22.74,5.8,7.1,0.64,3.2,1,22.74,5.8,10.3
BLACK/XH2.54_9P_BLACK_V3_FIXED.step,9,BLACK,2.54,25.28,5.8,7.1,0.64,3.2,1,25.28,5.8,10.3
BLACK/XH2.54_10P_BLACK_V3_FIXED.step,10,BLACK,2.54,27.82,5.8,7.1,0.64,3.2,1,27.82,5.8,10.3
RED/XH2.54_2P_RED_V3_FIXED.step,2,RED,2.54,7.5,5.8,7.1,0.64,3.2,1,7.5,5.8,10.3
RED/XH2.54_3P_RED_V3_FIXED.step,3,RED,2.54,10.04,5.8,7.1,0.64,3.2,1,10.04,5.8,10.3
RED/XH2.54_4P_RED_V3_FIXED.step,4,RED,2.54,12.58,5.8,7.1,0.64,3.2,1,12.58,5.8,10.3
RED/XH2.54_5P_RED_V3_FIXED.step,5,RED,2.54,15.12,5.8,7.1,0.64,3.2,1,15.12,5.8,10.3
RED/XH2.54_6P_RED_V3_FIXED.step,6,RED,2.54,17.66,5.8,7.1,0.64,3.2,1,17.66,5.8,10.3
RED/XH2.54_7P_RED_V3_FIXED.step,7,RED,2.54,20.2,5.8,7.1,0.64,3.2,1,20.2,5.8,10.3
RED/XH2.54_8P_RED_V3_FIXED.step,8,RED,2.54,22.74,5.8,7.1,0.64,3.2,1,22.74,5.8,10.3
RED/XH2.54_9P_RED_V3_FIXED.step,9,RED,2.54,25.28,5.8,7.1,0.64,3.2,1,25.28,5.8,10.3
RED/XH2.54_10P_RED_V3_FIXED.step,10,RED,2.54,27.82,5.8,7.1,0.64,3.2,1,27.82,5.8,10.3
BLUE/XH2.54_2P_BLUE_V3_FIXED.step,2,BLUE,2.54,7.5,5.8,7.1,0.64,3.2,1,7.5,5.8,10.3
BLUE/XH2.54_3P_BLUE_V3_FIXED.step,3,BLUE,2.54,10.04,5.8,7.1,0.64,3.2,1,10.04,5.8,10.3
BLUE/XH2.54_4P_BLUE_V3_FIXED.step,4,BLUE,2.54,12.58,5.8,7.1,0.64,3.2,1,12.58,5.8,10.3
BLUE/XH2.54_5P_BLUE_V3_FIXED.step,5,BLUE,2.54,15.12,5.8,7.1,0.64,3.2,1,15.12,5.8,10.3
BLUE/XH2.54_6P_BLUE_V3_FIXED.step,6,BLUE,2.54,17.66,5.8,7.1,0.64,3.2,1,17.66,5.8,10.3
BLUE/XH2.54_7P_BLUE_V3_FIXED.step,7,BLUE,2.54,20.2,5.8,7.1,0.64,3.2,1,20.2,5.8,10.3
BLUE/XH2.54_8P_BLUE_V3_FIXED.step,8,BLUE,2.54,22.74,5.8,7.1,0.64,3.2,1,22.74,5.8,10.3
BLUE/XH2.54_9P_BLUE_V3_FIXED.step,9,BLUE,2.54,25.28,5.8,7.1,0.64,3.2,1,25.28,5.8,10.3
BLUE/XH2.54_10P_BLUE_V3_FIXED.step,10,BLUE,2.54,27.82,5.8,7.1,0.64,3.2,1,27.82,5.8,10.3
GREEN/XH2.54_2P_GREEN_V3_FIXED.step,2,GREEN,2.54,7.5,5.8,7.1,0.64,3.2,1,7.5,5.8,10.3
GREEN/XH2.54_3P_GREEN_V3_FIXED.step,3,GREEN,2.54,10.04,5.8,7.1,0.64,3.2,1,10.04,5.8,10.3
GREEN/XH2.54_4P_GREEN_V3_FIXED.step,4,GREEN,2.54,12.58,5.8,7.1,0.64,3.2,1,12.58,5.8,10.3
GREEN/XH2.54_5P_GREEN_V3_FIXED.step,5,GREEN,2.54,15.12,5.8,7.1,0.64,3.2,1,15.12,5.8,10.3
GREEN/XH2.54_6P_GREEN_V3_FIXED.step,6,GREEN,2.54,17.66,5.8,7.1,0.64,3.2,1,17.66,5.8,10.3
GREEN/XH2.54_7P_GREEN_V3_FIXED.step,7,GREEN,2.54,20.2,5.8,7.1,0.64,3.2,1,20.2,5.8,10.3
GREEN/XH2.54_8P_GREEN_V3_FIXED.step,8,GREEN,2.54,22.74,5.8,7.1,0.64,3.2,1,22.74,5.8,10.3
GREEN/XH2.54_9P_GREEN_V3_FIXED.step,9,GREEN,2.54,25.28,5.8,7.1,0.64,3.2,1,25.28,5.8,10.3
GREEN/XH2.54_10P_GREEN_V3_FIXED.step,10,GREEN,2.54,27.82,5.8,7.1,0.64,3.2,1,27.82,5.8,10.3
YELLOW/XH2.54_2P_YELLOW_V3_FIXED.step,2,YELLOW,2.54,7.5,5.8,7.1,0.64,3.2,1,7.5,5.8,10.3
YELLOW/XH2.54_3P_YELLOW_V3_FIXED.step,3,YELLOW,2.54,10.04,5.8,7.1,0.64,3.2,1,10.04,5.8,10.3
YELLOW/XH2.54_4P_YELLOW_V3_FIXED.step,4,YELLOW,2.54,12.58,5.8,7.1,0.64,3.2,1,12.58,5.8,10.3
YELLOW/XH2.54_5P_YELLOW_V3_FIXED.step,5,YELLOW,2.54,15.12,5.8,7.1,0.64,3.2,1,15.12,5.8,10.3
YELLOW/XH2.54_6P_YELLOW_V3_FIXED.step,6,YELLOW,2.54,17.66,5.8,7.1,0.64,3.2,1,17.66,5.8,10.3
YELLOW/XH2.54_7P_YELLOW_V3_FIXED.step,7,YELLOW,2.54,20.2,5.8,7.1,0.64,3.2,1,20.2,5.8,10.3
YELLOW/XH2.54_8P_YELLOW_V3_FIXED.step,8,YELLOW,2.54,22.74,5.8,7.1,0.64,3.2,1,22.74,5.8,10.3
YELLOW/XH2.54_9P_YELLOW_V3_FIXED.step,9,YELLOW,2.54,25.28,5.8,7.1,0.64,3.2,1,25.28,5.8,10.3
YELLOW/XH2.54_10P_YELLOW_V3_FIXED.step,10,YELLOW,2.54,27.82,5.8,7.1,0.64,3.2,1,27.82,5.8,10.3
ORANGE/XH2.54_2P_ORANGE_V3_FIXED.step,2,ORANGE,2.54,7.5,5.8,7.1,0.64,3.2,1,7.5,5.8,10.3
ORANGE/XH2.54_3P_ORANGE_V3_FIXED.step,3,ORANGE,2.54,10.04,5.8,7.1,0.64,3.2,1,10.04,5.8,10.3
ORANGE/XH2.54_4P_ORANGE_V3_FIXED.step,4,ORANGE,2.54,12.58,5.8,7.1,0.64,3.2,1,12.58,5.8,10.3
ORANGE/XH2.54_5P_ORANGE_V3_FIXED.step,5,ORANGE,2.54,15.12,5.8,7.1,0.64,3.2,1,15.12,5.8,10.3
ORANGE/XH2.54_6P_ORANGE_V3_FIXED.step,6,ORANGE,2.54,17.66,5.8,7.1,0.64,3.2,1,17.66,5.8,10.3
ORANGE/XH2.54_7P_ORANGE_V3_FIXED.step,7,ORANGE,2.54,20.2,5.8,7.1,0.64,3.2,1,20.2,5.8,10.3
ORANGE/XH2.54_8P_ORANGE_V3_FIXED.step,8,ORANGE,2.54,22.74,5.8,7.1,0.64,3.2,1,22.74,5.8,10.3
ORANGE/XH2.54_9P_ORANGE_V3_FIXED.step,9,ORANGE,2.54,25.28,5.8,7.1,0.64,3.2,1,25.28,5.8,10.3
ORANGE/XH2.54_10P_ORANGE_V3_FIXED.step,10,ORANGE,2.54,27.82,5.8,7.1,0.64,3.2,1,27.82,5.8,10.3
BROWN/XH2.54_2P_BROWN_V3_FIXED.step,2,BROWN,2.54,7.5,5.8,7.1,0.64,3.2,1,7.5,5.8,10.3
BROWN/XH2.54_3P_BROWN_V3_FIXED.step,3,BROWN,2.54,10.04,5.8,7.1,0.64,3.2,1,10.04,5.8,10.3
BROWN/XH2.54_4P_BROWN_V3_FIXED.step,4,BROWN,2.54,12.58,5.8,7.1,0.64,3.2,1,12.58,5.8,10.3
BROWN/XH2.54_5P_BROWN_V3_FIXED.step,5,BROWN,2.54,15.12,5.8,7.1,0.64,3.2,1,15.12,5.8,10.3
BROWN/XH2.54_6P_BROWN_V3_FIXED.step,6,BROWN,2.54,17.66,5.8,7.1,0.64,3.2,1,17.66,5.8,10.3
BROWN/XH2.54_7P_BROWN_V3_FIXED.step,7,BROWN,2.54,20.2,5.8,7.1,0.64,3.2,1,20.2,5.8,10.3
BROWN/XH2.54_8P_BROWN_V3_FIXED.step,8,BROWN,2.54,22.74,5.8,7.1,0.64,3.2,1,22.74,5.8,10.3
BROWN/XH2.54_9P_BROWN_V3_FIXED.step,9,BROWN,2.54,25.28,5.8,7.1,0.64,3.2,1,25.28,5.8,10.3
BROWN/XH2.54_10P_BROWN_V3_FIXED.step,10,BROWN,2.54,27.82,5.8,7.1,0.64,3.2,1,27.82,5.8,10.3
GRAY/XH2.54_2P_GRAY_V3_FIXED.step,2,GRAY,2.54,7.5,5.8,7.1,0.64,3.2,1,7.5,5.8,10.3
GRAY/XH2.54_3P_GRAY_V3_FIXED.step,3,GRAY,2.54,10.04,5.8,7.1,0.64,3.2,1,10.04,5.8,10.3
GRAY/XH2.54_4P_GRAY_V3_FIXED.step,4,GRAY,2.54,12.58,5.8,7.1,0.64,3.2,1,12.58,5.8,10.3
GRAY/XH2.54_5P_GRAY_V3_FIXED.step,5,GRAY,2.54,15.12,5.8,7.1,0.64,3.2,1,15.12,5.8,10.3
GRAY/XH2.54_6P_GRAY_V3_FIXED.step,6,GRAY,2.54,17.66,5.8,7.1,0.64,3.2,1,17.66,5.8,10.3
GRAY/XH2.54_7P_GRAY_V3_FIXED.step,7,GRAY,2.54,20.2,5.8,7.1,0.64,3.2,1,20.2,5.8,10.3
GRAY/XH2.54_8P_GRAY_V3_FIXED.step,8,GRAY,2.54,22.74,5.8,7.1,0.64,3.2,1,22.74,5.8,10.3
GRAY/XH2.54_9P_GRAY_V3_FIXED.step,9,GRAY,2.54,25.28,5.8,7.1,0.64,3.2,1,25.28,5.8,10.3
GRAY/XH2.54_10P_GRAY_V3_FIXED.step,10,GRAY,2.54,27.82,5.8,7.1,0.64,3.2,1,27.82,5.8,10.3
PURPLE/XH2.54_2P_PURPLE_V3_FIXED.step,2,PURPLE,2.54,7.5,5.8,7.1,0.64,3.2,1,7.5,5.8,10.3
PURPLE/XH2.54_3P_PURPLE_V3_FIXED.step,3,PURPLE,2.54,10.04,5.8,7.1,0.64,3.2,1,10.04,5.8,10.3
PURPLE/XH2.54_4P_PURPLE_V3_FIXED.step,4,PURPLE,2.54,12.58,5.8,7.1,0.64,3.2,1,12.58,5.8,10.3
PURPLE/XH2.54_5P_PURPLE_V3_FIXED.step,5,PURPLE,2.54,15.12,5.8,7.1,0.64,3.2,1,15.12,5.8,10.3
PURPLE/XH2.54_6P_PURPLE_V3_FIXED.step,6,PURPLE,2.54,17.66,5.8,7.1,0.64,3.2,1,17.66,5.8,10.3
PURPLE/XH2.54_7P_PURPLE_V3_FIXED.step,7,PURPLE,2.54,20.2,5.8,7.1,0.64,3.2,1,20.2,5.8,10.3
PURPLE/XH2.54_8P_PURPLE_V3_FIXED.step,8,PURPLE,2.54,22.74,5.8,7.1,0.64,3.2,1,22.74,5.8,10.3
PURPLE/XH2.54_9P_PURPLE_V3_FIXED.step,9,PURPLE,2.54,25.28,5.8,7.1,0.64,3.2,1,25.28,5.8,10.3
PURPLE/XH2.54_10P_PURPLE_V3_FIXED.step,10,PURPLE,2.54,27.82,5.8,7.1,0.64,3.2,1,27.82,5.8,10.3